project,isActive,name
fibro,true,fibro7
fibro,true,fibro7
fibro,true,fibro7
fibro,true,fibro7
fibro,true,fibro7
fibro,true,fibro7
fibro,true,fibro7
fibro,true,fibro7
fibro,true,fibro7
fibro,true,fibro7
fibro,true,fibro7
fibro,true,fibro7
fibro,true,fibro7
fibro,true,fibro7
fibro,true,fibro7
fibro,true,fibro7
fibro,true,fibro7
fibro,true,fibro7
fibro,true,fibro7
fibro,true,fibro7
fibro,true,fibro7
fibro,true,fibro7
fibro,true,fibro7
fibro,true,fibro7
fibro,true,fibro7
fibro,true,fibro7
fibro,true,fibro7
fibro,true,fibro7
fibro,true,fibro7
fibro,true,fibro7
fibro,true,fibro7
fibro,true,fibro7
fibro,true,fibro7
fibro,true,fibro7
fibro,true,fibro7
fibro,true,fibro7
fibro,true,fibro7
fibro,true,fibro7
fibro,true,fibro7
fibro,true,fibro7
fibro,true,fibro7
fibro,true,fibro7
fibro,true,fibro7
fibro,true,fibro7
fibro,true,fibro7
fibro,true,fibro7
fibro,true,fibro7
fibro,true,fibro7
fibro,true,fibro7
nova,true,nova026
nova,true,nova026
fibro,true,fibro1
nova,true,nova053
fibro,true,fibro1
nova,true,nova053
fibro,true,fibro1
nova,true,nova053
fibro,true,fibro1
nova,true,nova053
fibro,true,fibro1
nova,true,nova053
fibro,true,fibro1
nova,true,nova053
fibro,true,fibro1
nova,true,nova053
fibro,true,fibro1
nova,true,nova053
fibro,true,fibro1
nova,true,nova053
fibro,true,fibro1
nova,true,nova053
fibro,true,fibro1
nova,true,nova053
fibro,true,fibro1
nova,true,nova053
nova,true,nova012
nova,true,nova053
fibro,true,fibro1
nova,true,nova053
fibro,true,fibro1
fibro,true,fibro1
fibro,true,fibro1
fibro,true,fibro1
fibro,true,fibro1
fibro,true,fibro1
fibro,true,fibro1
nova,true,nova001
nova,true,nova002
nova,true,nova003
nova,true,nova004
fibro,true,fibro1
nova,true,nova001
nova,true,nova002
nova,true,nova003
nova,true,nova004
fibro,true,fibro1
nova,true,nova001
nova,true,nova002
nova,true,nova003
nova,true,nova004
fibro,true,fibro1
nova,true,nova001
nova,true,nova002
nova,true,nova003
nova,true,nova004
fibro,true,fibro1
nova,true,nova001
nova,true,nova002
nova,true,nova003
nova,true,nova004
fibro,true,fibro1
nova,true,nova001
nova,true,nova002
nova,true,nova003
nova,true,nova004
fibro,true,fibro1
nova,true,nova001
nova,true,nova002
nova,true,nova003
nova,true,nova004
fibro,true,fibro1
nova,true,nova001
nova,true,nova002
nova,true,nova003
nova,true,nova004
fibro,true,fibro1
nova,true,nova001
nova,true,nova002
nova,true,nova003
nova,true,nova004
fibro,true,fibro1
nova,true,nova001
nova,true,nova002
nova,true,nova003
nova,true,nova004
fibro,true,fibro1
nova,true,nova001
nova,true,nova002
nova,true,nova003
nova,true,nova004
fibro,true,fibro1
nova,true,nova001
nova,true,nova002
nova,true,nova003
nova,true,nova004
fibro,true,fibro1
nova,true,nova001
nova,true,nova002
nova,true,nova003
nova,true,nova004
fibro,true,fibro1
nova,true,nova001
nova,true,nova002
nova,true,nova003
nova,true,nova004
fibro,true,fibro1
nova,true,nova001
nova,true,nova002
nova,true,nova003
nova,true,nova004
fibro,true,fibro1
nova,true,nova001
nova,true,nova002
nova,true,nova003
nova,true,nova004
fibro,true,fibro1
nova,true,nova001
nova,true,nova002
nova,true,nova003
nova,true,nova004
fibro,true,fibro1
nova,true,nova001
nova,true,nova002
nova,true,nova003
nova,true,nova004
fibro,true,fibro1
nova,true,nova001
nova,true,nova002
nova,true,nova003
nova,true,nova004
fibro,true,fibro1
nova,true,nova001
nova,true,nova002
nova,true,nova003
nova,true,nova004
fibro,true,fibro1
nova,true,nova001
nova,true,nova002
nova,true,nova003
nova,true,nova004
fibro,true,fibro1
nova,true,nova001
nova,true,nova002
nova,true,nova003
nova,true,nova004
fibro,true,fibro1
nova,true,nova001
nova,true,nova002
nova,true,nova003
nova,true,nova004
fibro,true,fibro1
nova,true,nova001
nova,true,nova002
nova,true,nova003
nova,true,nova004
fibro,true,fibro1
nova,true,nova001
nova,true,nova002
nova,true,nova003
nova,true,nova004
fibro,true,fibro1
nova,true,nova001
nova,true,nova002
nova,true,nova003
nova,true,nova004
fibro,true,fibro1
nova,true,nova001
nova,true,nova002
nova,true,nova003
nova,true,nova004
fibro,true,fibro1
nova,true,nova001
nova,true,nova002
nova,true,nova003
nova,true,nova004
fibro,true,fibro1
nova,true,nova001
nova,true,nova002
nova,true,nova003
nova,true,nova004
fibro,true,fibro1
nova,true,nova001
nova,true,nova002
nova,true,nova003
nova,true,nova004
fibro,true,fibro1
nova,true,nova001
nova,true,nova002
nova,true,nova003
nova,true,nova004
fibro,true,fibro1
nova,true,nova001
nova,true,nova002
nova,true,nova003
nova,true,nova004
fibro,true,fibro1
nova,true,nova001
nova,true,nova002
nova,true,nova003
nova,true,nova004
fibro,true,fibro1
nova,true,nova001
nova,true,nova002
nova,true,nova003
nova,true,nova004
fibro,true,fibro1
nova,true,nova001
nova,true,nova002
nova,true,nova003
nova,true,nova004
fibro,true,fibro1
nova,true,nova001
nova,true,nova002
nova,true,nova003
nova,true,nova004
fibro,true,fibro1
nova,true,nova001
nova,true,nova002
nova,true,nova003
nova,true,nova004
fibro,true,fibro1
nova,true,nova001
nova,true,nova002
nova,true,nova003
nova,true,nova004
fibro,true,fibro1
nova,true,nova001
nova,true,nova002
nova,true,nova003
nova,true,nova004
fibro,true,fibro1
nova,true,nova001
nova,true,nova002
nova,true,nova003
nova,true,nova004
fibro,true,fibro1
nova,true,nova001
nova,true,nova002
nova,true,nova003
nova,true,nova004
fibro,true,fibro1
nova,true,nova001
nova,true,nova002
nova,true,nova003
nova,true,nova004
fibro,true,fibro1
nova,true,nova001
nova,true,nova002
nova,true,nova003
nova,true,nova004
fibro,true,fibro1
nova,true,nova001
nova,true,nova002
nova,true,nova003
nova,true,nova004
fibro,true,fibro1
nova,true,nova001
nova,true,nova002
nova,true,nova003
nova,true,nova004
fibro,true,fibro1
nova,true,nova001
nova,true,nova002
nova,true,nova003
nova,true,nova004
fibro,true,fibro1
nova,true,nova001
nova,true,nova002
nova,true,nova003
nova,true,nova004
fibro,true,fibro1
nova,true,nova001
nova,true,nova002
nova,true,nova003
nova,true,nova004
fibro,true,fibro1
nova,true,nova001
nova,true,nova002
nova,true,nova003
nova,true,nova004
fibro,true,fibro1
nova,true,nova001
nova,true,nova002
nova,true,nova003
nova,true,nova004
fibro,true,fibro1
nova,true,nova001
nova,true,nova002
nova,true,nova003
nova,true,nova004
fibro,true,fibro1
nova,true,nova001
nova,true,nova002
nova,true,nova003
nova,true,nova004
fibro,true,fibro1
nova,true,nova001
nova,true,nova002
nova,true,nova003
nova,true,nova004
fibro,true,fibro1
nova,true,nova001
nova,true,nova002
nova,true,nova003
nova,true,nova004
fibro,true,fibro1
nova,true,nova001
nova,true,nova002
nova,true,nova003
nova,true,nova004
fibro,true,fibro1
nova,true,nova001
nova,true,nova002
nova,true,nova003
nova,true,nova004
fibro,true,fibro1
nova,true,nova001
nova,true,nova002
nova,true,nova003
nova,true,nova004
fibro,true,fibro1
nova,true,nova001
nova,true,nova002
nova,true,nova003
nova,true,nova004
fibro,true,fibro1
nova,true,nova001
nova,true,nova002
nova,true,nova003
nova,true,nova004
fibro,true,fibro1
nova,true,nova001
nova,true,nova002
nova,true,nova003
nova,true,nova004
fibro,true,fibro1
nova,true,nova001
nova,true,nova002
nova,true,nova003
nova,true,nova004
fibro,true,fibro1
nova,true,nova001
nova,true,nova002
nova,true,nova003
nova,true,nova004
fibro,true,fibro1
nova,true,nova001
nova,true,nova002
nova,true,nova003
nova,true,nova004
fibro,true,fibro1
nova,true,nova001
nova,true,nova002
nova,true,nova003
nova,true,nova004
fibro,true,fibro1
nova,true,nova001
nova,true,nova002
nova,true,nova003
nova,true,nova004
fibro,true,fibro1
nova,true,nova001
nova,true,nova002
nova,true,nova003
nova,true,nova004
fibro,true,fibro1
nova,true,nova001
nova,true,nova002
nova,true,nova003
nova,true,nova004
fibro,true,fibro1
nova,true,nova001
nova,true,nova002
nova,true,nova003
nova,true,nova004
fibro,true,fibro1
nova,true,nova001
nova,true,nova002
nova,true,nova003
nova,true,nova004
fibro,true,fibro1
nova,true,nova001
nova,true,nova002
nova,true,nova003
nova,true,nova004
fibro,true,fibro1
nova,true,nova001
nova,true,nova002
nova,true,nova003
nova,true,nova004
fibro,true,fibro1
nova,true,nova001
nova,true,nova002
nova,true,nova003
nova,true,nova004
fibro,true,fibro1
nova,true,nova001
nova,true,nova002
nova,true,nova003
nova,true,nova004
fibro,true,fibro1
nova,true,nova001
nova,true,nova002
nova,true,nova003
nova,true,nova004
fibro,true,fibro1
nova,true,nova001
nova,true,nova002
nova,true,nova003
nova,true,nova004
fibro,true,fibro1
nova,true,nova001
nova,true,nova002
nova,true,nova003
nova,true,nova004
fibro,true,fibro1
nova,true,nova001
nova,true,nova002
nova,true,nova003
nova,true,nova004
fibro,true,fibro1
nova,true,nova001
nova,true,nova002
nova,true,nova003
nova,true,nova004
fibro,true,fibro1
nova,true,nova001
nova,true,nova002
nova,true,nova003
nova,true,nova004
fibro,true,fibro1
nova,true,nova001
nova,true,nova002
nova,true,nova003
nova,true,nova004
fibro,true,fibro1
nova,true,nova001
nova,true,nova002
nova,true,nova003
nova,true,nova004
fibro,true,fibro1
nova,true,nova001
nova,true,nova002
nova,true,nova003
nova,true,nova004
fibro,true,fibro1
nova,true,nova001
nova,true,nova002
nova,true,nova003
nova,true,nova004
fibro,true,fibro1
nova,true,nova001
nova,true,nova002
nova,true,nova003
nova,true,nova004
fibro,true,fibro1
nova,true,nova001
nova,true,nova002
nova,true,nova003
nova,true,nova004
fibro,true,fibro1
nova,true,nova001
nova,true,nova002
nova,true,nova003
nova,true,nova004
fibro,true,fibro1
nova,true,nova001
nova,true,nova002
nova,true,nova003
nova,true,nova004
fibro,true,fibro1
nova,true,nova001
nova,true,nova002
nova,true,nova003
nova,true,nova004
fibro,true,fibro1
nova,true,nova001
nova,true,nova002
nova,true,nova003
nova,true,nova004
fibro,true,fibro1
nova,true,nova001
nova,true,nova002
nova,true,nova003
nova,true,nova004
fibro,true,fibro1
nova,true,nova001
nova,true,nova002
nova,true,nova003
nova,true,nova004
fibro,true,fibro1
nova,true,nova001
nova,true,nova002
nova,true,nova003
nova,true,nova004
fibro,true,fibro1
nova,true,nova001
nova,true,nova002
nova,true,nova003
nova,true,nova004
fibro,true,fibro1
nova,true,nova001
nova,true,nova002
nova,true,nova003
nova,true,nova004
fibro,true,fibro1
nova,true,nova001
nova,true,nova002
nova,true,nova003
nova,true,nova004
fibro,true,fibro1
nova,true,nova001
nova,true,nova002
nova,true,nova003
nova,true,nova004
fibro,true,fibro1
nova,true,nova001
nova,true,nova002
nova,true,nova003
nova,true,nova004
fibro,true,fibro1
nova,true,nova001
nova,true,nova002
nova,true,nova003
nova,true,nova004
fibro,true,fibro1
nova,true,nova001
nova,true,nova002
nova,true,nova003
nova,true,nova004
fibro,true,fibro1
nova,true,nova001
nova,true,nova002
nova,true,nova003
nova,true,nova004
fibro,true,fibro1
nova,true,nova001
nova,true,nova002
nova,true,nova003
nova,true,nova004
fibro,true,fibro1
nova,true,nova001
nova,true,nova002
nova,true,nova003
nova,true,nova004
fibro,true,fibro1
nova,true,nova001
nova,true,nova002
nova,true,nova003
nova,true,nova004
fibro,true,fibro1
nova,true,nova001
nova,true,nova002
nova,true,nova003
nova,true,nova004
fibro,true,fibro1
nova,true,nova001
nova,true,nova002
nova,true,nova003
nova,true,nova004
fibro,true,fibro1
nova,true,nova001
nova,true,nova002
nova,true,nova003
nova,true,nova004
fibro,true,fibro1
nova,true,nova001
nova,true,nova002
nova,true,nova003
nova,true,nova004
fibro,true,fibro1
nova,true,nova001
nova,true,nova002
nova,true,nova003
nova,true,nova004
fibro,true,fibro1
nova,true,nova001
nova,true,nova002
nova,true,nova003
nova,true,nova004
fibro,true,fibro1
nova,true,nova001
nova,true,nova002
nova,true,nova003
nova,true,nova004
fibro,true,fibro1
nova,true,nova001
nova,true,nova002
nova,true,nova003
nova,true,nova004
fibro,true,fibro1
nova,true,nova001
nova,true,nova002
nova,true,nova003
nova,true,nova004
fibro,true,fibro1
nova,true,nova001
nova,true,nova002
nova,true,nova003
nova,true,nova004
fibro,true,fibro1
nova,true,nova001
nova,true,nova002
nova,true,nova003
nova,true,nova004
fibro,true,fibro1
nova,true,nova001
nova,true,nova002
nova,true,nova003
nova,true,nova004
fibro,true,fibro1
nova,true,nova001
nova,true,nova002
nova,true,nova003
nova,true,nova004
fibro,true,fibro1
nova,true,nova001
nova,true,nova002
nova,true,nova003
nova,true,nova004
fibro,true,fibro1
nova,true,nova001
nova,true,nova002
nova,true,nova003
nova,true,nova004
fibro,true,fibro1
nova,true,nova001
nova,true,nova002
nova,true,nova003
nova,true,nova004
fibro,true,fibro1
nova,true,nova001
nova,true,nova002
nova,true,nova003
nova,true,nova004
fibro,true,fibro1
nova,true,nova001
nova,true,nova002
nova,true,nova003
nova,true,nova004
fibro,true,fibro1
nova,true,nova001
nova,true,nova002
nova,true,nova003
nova,true,nova004
fibro,true,fibro1
nova,true,nova001
nova,true,nova002
nova,true,nova003
nova,true,nova004
fibro,true,fibro1
nova,true,nova001
nova,true,nova002
nova,true,nova003
nova,true,nova004
fibro,true,fibro1
nova,true,nova001
nova,true,nova002
nova,true,nova003
nova,true,nova004
fibro,true,fibro1
nova,true,nova001
nova,true,nova002
nova,true,nova003
nova,true,nova004
fibro,true,fibro1
nova,true,nova001
nova,true,nova002
nova,true,nova003
nova,true,nova004
fibro,true,fibro1
nova,true,nova001
nova,true,nova002
nova,true,nova003
nova,true,nova004
fibro,true,fibro1
nova,true,nova001
nova,true,nova002
nova,true,nova003
nova,true,nova004
fibro,true,fibro1
nova,true,nova001
nova,true,nova002
nova,true,nova003
nova,true,nova004
fibro,true,fibro1
nova,true,nova001
nova,true,nova002
nova,true,nova003
nova,true,nova004
fibro,true,fibro1
nova,true,nova001
nova,true,nova002
nova,true,nova003
nova,true,nova004
fibro,true,fibro1
nova,true,nova001
nova,true,nova002
nova,true,nova003
nova,true,nova004
fibro,true,fibro1
nova,true,nova001
nova,true,nova002
nova,true,nova003
nova,true,nova004
fibro,true,fibro1
nova,true,nova001
nova,true,nova002
nova,true,nova003
nova,true,nova004
fibro,true,fibro1
nova,true,nova001
nova,true,nova002
nova,true,nova003
nova,true,nova004
fibro,true,fibro1
nova,true,nova001
nova,true,nova002
nova,true,nova003
nova,true,nova004
fibro,true,fibro1
nova,true,nova001
nova,true,nova002
nova,true,nova003
nova,true,nova004
fibro,true,fibro1
nova,true,nova001
nova,true,nova002
nova,true,nova003
nova,true,nova004
fibro,true,fibro1
nova,true,nova001
nova,true,nova002
nova,true,nova003
nova,true,nova004
fibro,true,fibro1
nova,true,nova001
nova,true,nova002
nova,true,nova003
nova,true,nova004
fibro,true,fibro1
nova,true,nova001
nova,true,nova002
nova,true,nova003
nova,true,nova004
fibro,true,fibro1
nova,true,nova001
nova,true,nova002
nova,true,nova003
nova,true,nova004
fibro,true,fibro1
nova,true,nova001
nova,true,nova002
nova,true,nova003
nova,true,nova004
fibro,true,fibro1
nova,true,nova001
nova,true,nova002
nova,true,nova003
nova,true,nova004
fibro,true,fibro1
nova,true,nova001
nova,true,nova002
nova,true,nova003
nova,true,nova004
fibro,true,fibro1
nova,true,nova001
nova,true,nova002
nova,true,nova003
nova,true,nova004
fibro,true,fibro1
nova,true,nova001
nova,true,nova002
nova,true,nova003
nova,true,nova004
fibro,true,fibro1
nova,true,nova001
nova,true,nova002
nova,true,nova003
nova,true,nova004
fibro,true,fibro1
nova,true,nova001
nova,true,nova002
nova,true,nova003
nova,true,nova004
fibro,true,fibro1
nova,true,nova001
nova,true,nova002
nova,true,nova003
nova,true,nova004
fibro,true,fibro1
nova,true,nova001
nova,true,nova002
nova,true,nova003
nova,true,nova004
fibro,true,fibro1
nova,true,nova002
nova,true,nova003
nova,true,nova004
fibro,true,fibro1
nova,true,nova002
nova,true,nova003
nova,true,nova004
fibro,true,fibro1
nova,true,nova002
nova,true,nova003
nova,true,nova004
fibro,true,fibro1
nova,true,nova002
nova,true,nova003
nova,true,nova004
fibro,true,fibro1
nova,true,nova002
nova,true,nova003
nova,true,nova004
fibro,true,fibro1
nova,true,nova002
nova,true,nova003
nova,true,nova004
fibro,true,fibro1
nova,true,nova002
nova,true,nova003
nova,true,nova004
fibro,true,fibro1
nova,true,nova002
nova,true,nova003
nova,true,nova004
fibro,true,fibro1
nova,true,nova002
nova,true,nova003
nova,true,nova004
fibro,true,fibro1
nova,true,nova002
nova,true,nova003
nova,true,nova004
fibro,true,fibro1
nova,true,nova002
nova,true,nova003
nova,true,nova004
fibro,true,fibro1
nova,true,nova002
nova,true,nova003
nova,true,nova004
fibro,true,fibro1
nova,true,nova002
nova,true,nova003
nova,true,nova004
fibro,true,fibro1
nova,true,nova002
nova,true,nova003
nova,true,nova004
fibro,true,fibro1
nova,true,nova002
nova,true,nova003
nova,true,nova004
fibro,true,fibro1
nova,true,nova002
nova,true,nova003
nova,true,nova004
fibro,true,fibro1
nova,true,nova002
nova,true,nova003
nova,true,nova004
fibro,true,fibro1
nova,true,nova002
nova,true,nova003
nova,true,nova004
fibro,true,fibro1
nova,true,nova002
nova,true,nova003
nova,true,nova004
fibro,true,fibro1
nova,true,nova002
nova,true,nova003
nova,true,nova004
fibro,true,fibro1
nova,true,nova002
nova,true,nova003
nova,true,nova004
fibro,true,fibro1
nova,true,nova002
nova,true,nova003
nova,true,nova004
fibro,true,fibro1
nova,true,nova002
nova,true,nova003
nova,true,nova004
fibro,true,fibro1
nova,true,nova002
nova,true,nova003
nova,true,nova004
fibro,true,fibro1
nova,true,nova002
nova,true,nova003
nova,true,nova004
fibro,true,fibro1
nova,true,nova002
nova,true,nova003
nova,true,nova004
fibro,true,fibro1
nova,true,nova002
nova,true,nova003
nova,true,nova004
fibro,true,fibro1
nova,true,nova002
nova,true,nova003
nova,true,nova004
fibro,true,fibro1
nova,true,nova002
nova,true,nova003
nova,true,nova004
fibro,true,fibro1
nova,true,nova002
nova,true,nova003
nova,true,nova004
fibro,true,fibro1
nova,true,nova002
nova,true,nova003
nova,true,nova004
nova,true,nova006
fibro,true,fibro1
nova,true,nova001
nova,true,nova002
nova,true,nova003
nova,true,nova004
nova,true,nova005
nova,true,nova006
fibro,true,fibro1
nova,true,nova001
nova,true,nova002
nova,true,nova003
nova,true,nova004
nova,true,nova005
nova,true,nova006
fibro,true,fibro1
nova,true,nova001
nova,true,nova002
nova,true,nova003
nova,true,nova004
nova,true,nova005
nova,true,nova006
fibro,true,fibro1
nova,true,nova001
nova,true,nova002
nova,true,nova003
nova,true,nova004
nova,true,nova005
nova,true,nova006
nova,true,nova007
nova,true,nova008
nova,true,nova009
fibro,true,fibro1
nova,true,nova001
nova,true,nova002
nova,true,nova003
nova,true,nova004
nova,true,nova005
nova,true,nova006
nova,true,nova007
nova,true,nova008
nova,true,nova009
fibro,true,fibro1
nova,true,nova001
nova,true,nova002
nova,true,nova003
nova,true,nova004
nova,true,nova005
nova,true,nova006
nova,true,nova007
nova,true,nova008
nova,true,nova009
fibro,true,fibro1
nova,true,nova001
nova,true,nova002
nova,true,nova003
nova,true,nova004
nova,true,nova005
nova,true,nova006
nova,true,nova007
nova,true,nova008
nova,true,nova009
fibro,true,fibro1
nova,true,nova001
nova,true,nova002
nova,true,nova003
nova,true,nova004
nova,true,nova005
nova,true,nova006
nova,true,nova007
nova,true,nova008
nova,true,nova009
fibro,true,fibro1
nova,true,nova001
nova,true,nova002
nova,true,nova003
nova,true,nova004
nova,true,nova005
nova,true,nova006
nova,true,nova007
nova,true,nova008
nova,true,nova009
fibro,true,fibro1
nova,true,nova001
nova,true,nova002
nova,true,nova003
nova,true,nova004
nova,true,nova005
nova,true,nova006
nova,true,nova007
nova,true,nova008
nova,true,nova009
fibro,true,fibro1
nova,true,nova001
nova,true,nova002
nova,true,nova003
nova,true,nova004
nova,true,nova005
nova,true,nova006
nova,true,nova007
nova,true,nova008
nova,true,nova009
fibro,true,fibro1
nova,true,nova001
nova,true,nova002
nova,true,nova003
nova,true,nova004
nova,true,nova005
nova,true,nova006
nova,true,nova007
nova,true,nova008
nova,true,nova009
fibro,true,fibro1
nova,true,nova001
nova,true,nova002
nova,true,nova003
nova,true,nova004
nova,true,nova005
nova,true,nova006
nova,true,nova007
nova,true,nova008
nova,true,nova009
fibro,true,fibro1
nova,true,nova001
nova,true,nova002
nova,true,nova003
nova,true,nova004
nova,true,nova005
nova,true,nova006
nova,true,nova007
nova,true,nova008
nova,true,nova009
fibro,true,fibro1
nova,true,nova001
nova,true,nova002
nova,true,nova003
nova,true,nova004
nova,true,nova005
nova,true,nova006
nova,true,nova007
nova,true,nova008
nova,true,nova009
fibro,true,fibro1
nova,true,nova001
nova,true,nova002
nova,true,nova003
nova,true,nova004
nova,true,nova005
nova,true,nova006
nova,true,nova007
nova,true,nova008
nova,true,nova009
fibro,true,fibro1
nova,true,nova001
nova,true,nova002
nova,true,nova003
nova,true,nova004
nova,true,nova005
nova,true,nova006
nova,true,nova007
nova,true,nova008
nova,true,nova009
fibro,true,fibro1
nova,true,nova001
nova,true,nova002
nova,true,nova003
nova,true,nova004
nova,true,nova005
nova,true,nova006
nova,true,nova007
nova,true,nova008
nova,true,nova009
fibro,True,fibro1
nova,True,nova001
nova,TRUE,nova002
nova,TRUE,nova003
nova,TRUE,nova004
nova,True,nova005
nova,True,nova006
nova,True,nova007
nova,True,nova008
nova,True,nova009
